root,fid,lpips,clip_score,pair_count
results/compare-coco/CIFAR100_top100/coco-1k,348.48380738980364,0.7003244238495827,0.08792662134580315,1000
results/compare-coco/CIFAR100_top50/coco-1k,317.3789032377165,0.7065162853300572,0.08961027496028691,1000
results/compare-coco/CIFAR100_top75/coco-1k,339.0505664400601,0.7020398897230625,0.08922735575353727,1000
